"psychobiology",21100,944228736,186,"1821-07-25","15:46:36","IVW","Bernice","designers insider reuses ringingly",
"giant",21101,4403586057,44,"1911-06-21","05:34:15","EAT","spook","writs ""hypocrite approver declassify sinusoidal busted voltage"" wrangle replete viper indexed boosted Silkine abaft",
"sung",21102,6246092906,22,"1967-12-31","14:05:45","QZH","fearfully","assesses structure Capitan confuse pasts foggiest arrowed singularities",
"unaltered",21103,951645249,70,"1952-07-28","05:21:45","HDI","b'lazing","Albany biceps circuit accumulated expiring seacoasts dangled serviceable calorimetry sheepskin sourdough unexpected gadfly oscilloscopes carload degrading atomizing distaste Meg tinkering",
"talents",21104,1662171965,113,"1899-11-27","15:06:57","UWS","businessmen","Leeds lemonade tributes disconcerting patronized sureness ensnared deadly belonged prim mooning kneeled untagged sophomores curiosities infecting introductory Seoul evacuated analogue reserpine",
"atomize",21105,1717738545,75,"2000-06-25","04:59:16","AXO","debatable","dealers shops baste cascadable sideboard Cheng dictatorship curls chalk Shafer regimentation lessen rashness",
"tends",21106,9339273869,115,"1938-06-29","04:12:41","HWN","lanes","attackers bluebonnets audition microscopy carve Xanthus affirming Trastevere chastised discourages pastness seen Masonic silkily tit coinage larks radish antithetical",
"aniseikonic",21107,4975578433,81,"1987-03-02","14:12:33","CEF","shutout","prowler congressional financiers termination balcony bestsellers accusations impenetrability",
"syrup",21108,8554283850,177,"1992-04-17","19:51:46","PKX","deadline","arrays cutlass synchronously spouted composed Himmler seams heeled reimbursable Lancelot reorganizations dither Tasmania Richter secretive Tutankhamen scuffles novelty bludgeoned",
"deteriorate",21109,2541155532,8,"1891-02-08","18:32:36","NGK","depend","Hines ripped construed quantities cerebral Zaire maximizer warm Hahn apprised mead storms Venusian Kenny smock examinations",
"Hume",21110,1155722811,51,"1978-09-15","15:39:36","YKC","seduction","Baileys feelings Coddington fruitfully interwoven Helsinki Lahore dover unworthiness denied",
"Orientalizations",21111,8014122956,207,"1881-08-18","17:37:50","KLJ","truncating","bareness' delirious cramps organists breathing trees roundhouse than big exclusions ballets diner lagoon deserved Fourier dike Southey conspire initializers",
"promiscuous",21112,6306835068,22,"1979-08-28","22:09:33","DPE","crumble","retinas coalescing pence randomize human brocaded spaced repeated governance preempt spinning radon floor inroads immodest spook contraptions rebelliously wrapper linguistic Kerouac bellman amplified",
"conic",21113,7197994712,138,"1802-01-20","05:56:34","LYO","Paris","behest unfamiliarity",
"Herkimer",21114,9490182393,58,"1937-06-20","21:01:39","ZRM","transcripts","encipher dialed enforcer makers apical devises bullion",
"reported",21115,5637499584,217,"1908-02-14","20:19:52","WGN","beading","terrorists Dana predictably ripely indignity overcrowds unreasonable infection perplexity Puritanize unnecessarily decadently fanfold softness planted handshake autocorrelation deputy explicitly",
"his",21116,4002659737,63,"1877-04-15","10:16:15","GNP","penal","billing adherers Zealand Islamizes confused France meantime coveting demands teething grounders entails hurlers McCann disparage artillerist",
"amputates",21117,5611185411,162,"1896-08-13","14:29:45","GSN","crossbars","attune",
"Frisian",21118,3460853366,93,"1825-02-02","22:13:33","PWF","reliance","Eastman",
"brig",21119,2623959156,16,"1847-02-26","21:23:12","EQW","renderings","superhumanly healer Ottomanization",
"loaves",21120,5639420572,12,"1824-05-30","11:52:00","LNZ","bale","Jovian slash attainments Paul rebroadcasts \nlose paleness changing Glynn begotten appender partners leap impenetrably inflow flick autosuggestibility flopping",
"iciness",21121,1618275853,23,"1977-06-11","15:53:19","PFZ","beatably","hug subside agent beast Hellman Darwin cowardice wounded Ionian bushy",
"remission",21122,3092301243,150,"1906-09-18","20:34:58","ZFC","parity","powering redirecting never itemizations achieving bats Prussianizers microinstruction blackjack titles ethereal collaborates probation died downplaying domesticate phraseology flip eyewitnesses Bologna mentionable",
"gobble",21123,9456656474,132,"1952-05-16","18:02:36","LPZ","masturbates","shouter murdered revolutionizer Emma key bitingly Sperry chapter squid inconsistency motioning dictated brandywine showroom bangle destroying strikers inflamed",
"overprinted",21124,6535012404,110,"1807-12-28","23:01:04","WTY","Asiaticizations","rafts Herr aerospace",
"time",21125,8666934389,195,"1999-02-09","04:01:43","MRD","relents","Irvine teaches",
"hybrid",21126,3437773209,167,"1924-07-21","15:19:02","XCL","contemplated","cod Ortega bludgeon probing teen gazing warning credulousness military punctually inflame regiment contrition inclusively",
"arbitrate",21127,4694922331,52,"1889-12-13","13:17:34","NJV","meekly","Babel sneakiness hope safekeeping crawlers Bugatti thirsts Lucifer fourfold powerlessness pondering igloo unicycle",
"Hawthorne",21128,7172230621,16,"1893-07-11","17:13:50","DIK","splitting","brayed citadels opponent appellant Vitus Mexicanizes condensation divers Rhea bamboo Fuji excitingly investment unloaded bitwise salt permuting",
"commandeer",21129,514984475,241,"1869-03-11","19:26:12","MGQ","aspires","hitherto grantor Patricia bath",
"shrubs",21130,8880368886,118,"1949-11-11","20:58:25","ARW","probability","Harpy Santo rotary watered rewinding campuses dependencies",
"crunch",21131,6408026831,221,"1861-11-27","02:51:26","YKT","Midwesterners","member* charting wolf bevy routine unsuited breachers lighthearted jean Hugh microprocessors schematic vagary chandelier meantime Slavic postoperative",
"boatyard",21132,196359648,138,"1876-04-13","10:01:29","MFT","oscillation","varies",
"understandings",21133,3736144602,168,"1835-09-25","00:50:19","REC","uncovered","sigh",
"avionics",21134,5068346173,192,"1829-02-16","12:05:40","ANW","Kenney","loafed predefined bagged menacing Bolshevik environing",
"glossed",21135,210428000,236,"1939-02-15","12:21:11","HXV","Hanley","Elroy divergences accompaniments Hester Marguerite crimes platelet forbears promoting Ottomanizations impressible Byers projections Podunk",
"humid",21136,3334266073,86,"1865-05-21","07:53:59","QRG","singer","brusquely threw FORTH roared initializations eightieth essences culturally mighty interruptive class disciplinary spore SPARC sidesaddle Mansfield",
"smothers",21137,8959220006,176,"1899-09-07","05:19:32","FRM","borrowers","enforced encumber Roquemore Seagate accomplishes Ibn pores opened overlooks grandest another recomputes chewer keener airfields diction weighing Tulane unities Truckee",
"diddle",21138,6381984051,109,"1875-09-18","12:39:51","BYM","analogously","recognizable Injun ejaculations revocation Minotaur",
"fences",21139,8503944524,157,"1941-11-15","06:57:20","NZH","terminates","Bianco officer corps",
"reconstructed",21140,148898071,250,"1940-09-02","08:36:19","YSH","replicated","casserole canary sulphate brownish cotangent",
"commitment",21141,5627287263,246,"2008-03-24","05:03:15","PNV","gleeful","choices blustery Shockley amalgams imminent",
"packet",21142,680558223,174,"1966-06-06","11:27:05","JGH","nation","ominous oriented trainer cleaver conceptualized gleaned besiegers Riggs restitution chintz Airbus sonny miniaturization Sharon sufficient Hewitt slants fish quarts icing stamper",
"jobs",21143,4197283815,75,"1935-02-27","07:36:25","RPX","modalities","Eben drapes cowherd govern invalidated retarder editorials milkmaid pruning palladium hunches Pteranodon yeast atheistic Raul electrocutions hierarchal Melissa recreational scantily Ireland Catholicism hamlets",
"seems",21144,6003174378,196,"1869-02-14","00:12:45","DRT","prolegomena","ties erroneous administrations interruption",
"recipients",21145,9255756613,117,"1871-09-07","18:10:04","HBF","Wendy","or ladle clerking",
"mountains",21146,1340466862,64,"1905-04-30","11:34:27","LVY","pertains","measurable bullfrog Indians style recollected ferocious eyeglasses",
"swine",21147,3283872234,173,"1985-01-01","02:56:16","GJM","modalities","unattended alphabetic coursed appoints consumptions Montaigne propelled undergoes lance groundwork",
"fills",21148,5837698284,98,"1859-11-15","00:12:25","RYV","consisting","Jansenist tomahawks cones statutoriness Alsatians behaviorally edged witches springers incapacitate panel feedings jobs",
"obituary",21149,1870369594,145,"1881-03-26","00:54:59","MBV","bumbling","curtain Dominique flap impute commonplace freeway cicada saner",
"flexibility",21150,550388969,201,"1920-11-22","03:04:37","JGO","overstatement","phone authenticator motherer penumbra hierarchies stamps homemakers diluted breakwaters Carlsbad",
"rut",21151,4353550840,21,"1934-12-05","14:53:31","ZWS","torturers","McAdam includes preallocated",
"Julie",21152,9153486916,74,"1963-08-13","02:10:13","FKN","sweetened","rapidity dangling ambitions",
"alongside",21153,1711060162,10,"1972-09-22","14:06:41","GFN","recoiling","slowness configure"," prefixed spacers giving record nodal collarbone Alps reinforce translation sprinkled Abram mutinies pebbles cookies hierarchal asbestos jumpy"
"radical",21154,2218262717,113,"1955-07-07","11:44:34","EUF","falcon","anchoritism",
"graveyard",21155,3736266142,250,"1813-12-20","08:19:11","HJQ","reversing","freeness events \ngeologist blight scraped infringements murmurs demanding despite",
"reckoner",21156,803936900,163,"1865-04-21","04:06:59","OAX","manipulating","bloodied Bordeaux tacking protector bequeath acrobat",
"humanly",21157,9780149621,58,"1806-07-21","23:39:28","UIK","Winsett","Brian discriminated fog auscultating imprisonments inaugurated Vancouver postscript Hellenization obviousness progressions owner invalidities doughnut raves liable equating Ashmolean",
"purchase",21158,2579739179,139,"1882-11-13","05:43:16","QCI","assassinate","bodybuilders jest poison Carolinians buckskins cassock hells dusky Bucky Shannon abandoned Allentown unimplemented Pearson",
"Alcott",21159,8102268294,185,"1837-11-12","12:41:07","XHB","bleeds","stalk faun",
"extending",21160,6036461133,144,"1996-10-18","05:08:34","TIA","inevitability","dispassionate Madames gagging wizards esthetics interfering agonized coolie",
"apparitions",21161,8312595746,1,"1880-10-31","07:47:49","EUN","dished","bookmark ideologically triple toggles accuses Durrell Iberian standpoints chewers",
"routinely",21162,3046803277,56,"1860-07-03","14:14:44","SWK","payers","assign",
"Olga",21163,6906445458,208,"1899-11-26","19:10:15","RJH","intractability","creased Niagara invisible impersonally hooking Laguerre sneezing till capillary squarer ravine plenipotentiary Sikkim nanoprogram sectioning neuter quantize funders anatomic",
"Galbreath",21164,5126737948,68,"1832-07-10","01:07:02","OIF","aggressive","lightnings Southey picky shipper answerers clawed",
"avalanched",21165,1487766662,55,"1992-05-20","02:40:30","QKC","Greenbriar","thugs abraded sorts hummingbird recite Guam dissolutions dresser bimonthlies publicizes",
"Chekhov",21166,5133319734,45,"1825-01-12","23:39:51","XJW","Francis","balances",
"greediness",21167,6980121269,105,"1820-01-01","09:01:08","UFA","snag","broach frames indigenously curbing dint astronomer accounting Brent imaginatively",
"nodal",21168,139349088,230,"1926-09-26","02:44:16","ISP","configurations","therein Greenbriar spheres palmer greenest sides staffed amperage farmland performed Justine darkroom figs escalate economics operable fur subordination churning pundit pleases simmered",
"unknowable",21169,460020054,91,"1806-04-28","12:24:31","JBM","Vermont","unhappiest madman",
"inferno",21170,1293242409,50,"1936-11-04","01:05:28","OVY","penchant","quadrature thirst beveling ayes yanked gymnastic daylight goof Daphne vein",
"chaperon",21171,9429205169,5,"2003-10-05","13:30:36","MXS","stricter","simmering contriving threatened shrewdness alas batten careless",
"suitor",21172,2641550203,82,"1920-09-05","11:30:58","PKO","takings","cusp bathrobes lenient tolls perpetration adversaries staring Rothschild",
"bawls",21173,3593155501,65,"1921-07-01","23:52:45","QPB","Penh","harmonics spectrographic Michele inflating tailors televises cheered inconspicuous",
"Hattiesburg",21174,2068208934,128,"1923-02-23","01:14:21","RSX","televisors","molest creams phrased biological monastic bile Kenneth conjure Maguire Noll bodyweight survivor censuses pelting parch induces antagonizes hyperbola Vandenberg modulates",
"avert",21175,8399921009,165,"1809-02-15","19:03:21","GTA","airfields","sociably meander Minneapolis Jungian maim captives impunity heroic moisten discovers widens electrocardiogram secondaries acclimate up inverter leaves roundhouse untranslated tumor Texans gymnasiums",
"bushel",21176,156563478,106,"1812-08-25","15:58:52","UIE","brigadiers","Frisia beach cheapens Huntley systematizes pseudo exponentiated approachability cohabitations disaffected healthful congratulation expunges deteriorates",
"baritones",21177,1251468997,245,"1884-10-04","18:31:21","PWB","lampoon","grotesque merger prosodics subfield suggestive juror tend decomposed cutlass belonging waste swaps improve dictation outstripping Hettie aniseikonic mailboxes protestant invading Fredericton",
"seduction",21178,4617190028,163,"1833-03-13","06:38:47","HSB","oceans","henceforth Winooski Decatur numerous cementing epidemic showroom justification configurable griddle all purposed embarks banshee fences",
"Formica",21179,3156426533,210,"1972-03-18","16:21:10","UCG","allocations","friendships tints delinquent Delilah initiation fibrosities with Esmark perisher madam seventy Helmut Prague suits smearing accolades ride",
"capacity",21180,4597974434,32,"1994-01-04","14:53:25","DVZ","has","games dialogues chemical Europeanizes Aeneas sun comments envies shoes",
"washed",21181,7695120234,44,"1821-01-13","19:47:07","OHT","engross","cultivation seersucker memorial Kannada buffalo Ethiopians Erlenmeyer exaggerating bespeak vectorizing proportion adumbration treble Galatia sink targets departmental Emmanuel preallocate eddy",
"hatefully",21182,8049793946,27,"1937-07-15","22:14:17","RKY","drafter","rustlers appreciating lovelorn quacks Assam entrances moist disciplinary Sukarno truants lass tapers",
"unbridled",21183,179951432,86,"1936-01-27","08:21:07","ZNO","grandeur","Andersen agglutination Granville Maya Hadamard ding bibliophile nesting acquitted adjudge psalm resuscitate chink calmed DEC grammars Edgerton bemoaned Andrew militia mathematicians",
"sternly",21184,8682274860,105,"1988-02-27","07:18:03","XBS","perfected","Malagasy preproduction Anne appalling hardworking shadowed raccoon geographer adages",
"encamps",21185,8484145736,145,"1990-01-12","09:13:50","ASI","insufferable","Africanize wandered violence dyes boll Michelangelo reinventing pillory optional showroom crossly stringy Heliopolis Interpol lifetime chaperon reprogramming Slovakia baking develops credited bulldog cytology",
"fainted",21186,3819764913,48,"1921-04-20","14:07:50","FBA","suffers","disbursement script",
"dims",21187,2587923412,153,"1948-11-20","07:14:34","IWA","sees","die unable puzzlers Americanize serially immature goatees downplayed transatlantic orb coworker couches populates intolerable",
"buckskin",21188,3183627161,185,"1923-02-20","08:30:32","TLG","wound","pathway bedposts Brookmont needy Ramona tractor bureaucratic truncate similarly trusts dereference",
"petal",21189,5437623823,6,"1909-07-28","09:42:14","PEX","predetermines","expensive",
"abovementioned",21190,4334711424,138,"1822-03-10","06:55:14","SOL","reorganize","bash adversaries forget redundant Guthrie abrasive sweepers Bobbsey burntness hyperbolic December pits allegiance unaffectedness envisage",
"overthrow",21191,3528392287,228,"1946-01-12","10:32:23","ASD","slop","transporters din gambling Vergil panics threatening entreated ruffians formant iota",
"resilient",21192,1536517214,114,"1831-01-16","00:12:44","CGS","resent","challenge dissension potentials elevator Bridgewater rearrangeable saturate handsome oversee pineapple beechen balks questers racial",
"Ruanda",21193,9190180684,114,"1822-09-04","16:17:30","ZFL","quoth","biters calorie demonstrations",
"ingenuity",21194,3760511027,82,"1986-09-12","17:32:39","ECJ","contestable","grownup centralist grooved barbarity ascription skipper cholera waiting",
"let",21195,2002047255,27,"1941-04-30","09:22:53","RFM","thusly","groaned sylvan Cretaceously elves abrasion engines",
"angelic",21196,1723571508,151,"1992-06-22","14:09:08","XMW","reused","sufferance William",
"assistantships",21197,9123988873,121,"1889-04-22","02:18:16","YGC","Freya","solvable",
"boatswain",21198,5863458247,1,"1982-12-18","07:14:53","WOD","rum","Eldon gallantly Greenblatt Ku signally preach Aprils seethe manger offspring designates withdrawn ridicules orifices flagpole motorized permutations roped radiation patent aesthetically combinator Jessy",
"symbolize",21199,3566787448,121,"1839-04-11","18:40:42","FOR","alkaloids","Andalusians Del",
"inherits",21200,7999678110,45,"1916-06-07","15:38:41","NWY","Rudyard","brew Styrofoam",
"Richmond",21201,4505467585,123,"1936-08-18","03:18:05","XHF","indestructible","insofar",
"blameless",21202,8047351756,181,"1854-12-05","20:28:26","WZM","affixed","boatyards",
"prematurity",21203,4492014257,27,"1962-07-28","13:40:07","TNS","Copernican","wonders arrangers indirectly flaunts chest divisible muse familiarly Bertha sultans John popularizing debts Selena sprang plaster",
"fronting",21204,1730933221,39,"1813-03-08","18:13:03","RNB","OShea","leans afflict subway plentiful radiant ensembles clenched wearier gritty almoner Yorker dissolving deception snowman shrewd",
"triangular",21205,606321590,115,"1979-07-30","21:57:35","NKQ","confounds","catastrophes",
"Michel",21206,251646592,175,"1968-10-04","14:12:56","XCT","seduced","immunization advert expelled stairwell obviations elegance spoolers auction wile propound bereavements agnostics Hessians betting pencil Speakerphones ambidextrously mosaic plain Chablis Welches mouth",
"shifter",21207,661245102,76,"1969-02-21","12:11:13","VNK","indiscreet","occasional anthracite Goodrich gastrointestinal relaxing tithing storming Ethiopia Atchison jostle Coleman sniffing inevitability theoreticians scold Frankel consigning sanitation minds categorizer populated crib irritant",
"reached",21208,2052022192,240,"1872-12-21","00:37:35","JEX","teenage","disappointing meriting Englishize Summers behaved breathtaking assassin beatific lily chaotic military newscast mercenaries unwieldiness blouses nasal pecuniary",
"nails",21209,1218327942,79,"1942-09-08","01:00:57","LRK","shivered","trucker exhaustively scraper consensus turbans renewal patter somewhere annunciate boldest jewelry illustrator muted disowning trilateral spit fit transposing Braniff frustrate stove woofed sleigh barbells",
"Catherine",21210,8723615505,115,"1999-07-17","20:21:33","OMB","armaments","aloof analyzers rejected appropriateness",
"seizing",21211,5296628284,49,"1850-09-07","01:44:37","PUN","am","pitiful",
"healers",21212,2541832733,230,"1941-10-05","23:46:56","KYW","underwrites","expiration elliptic Nipponizes Multics collaborators portrays decrypts bolstering dreamt filename",
"dissatisfactory",21213,5480507881,253,"1882-10-17","16:22:51","NEQ","ramp","Aurelius horseback halted Lear sheriff expanse horsefly incestuous lifelessness fogy reverified nonsense ubiquitous rudiments grocer molehill temperance squawked lacking vegetation baldness",
"logins",21214,737821463,207,"1838-03-20","16:45:00","ESW","splintery","tunics monoprogramming physicists philanthropy worries entree Potsdam replicates breastwork prolongate origination Edgar Farber Latinity linking landings",
"ancient",21215,5123262925,197,"1816-10-29","05:39:50","ODG","institutionalize","Pickman ensnaring pointed thundering Wang educationally slices veil nominated alone polarities hones stoppable contrapositive Grecian rots recitals overlooks dissociate fist pain",
"weaning",21216,2660941786,121,"1915-01-08","18:23:47","UIW","Stewart","legislate irate Rafferty projectile module reinterpreted",
"denounce",21217,5754663029,34,"1897-03-17","04:07:11","MUO","sequentializes","defies",
"preconceptions",21218,1633302921,121,"1921-11-12","21:40:23","KEW","Spacewar","engross",
"booming",21219,4079165923,29,"1813-02-13","16:39:33","ORC","portals","minting conforming sense hereditary shies bottle puma affront Rozelle Arabians",
"legend",21220,5026817292,60,"1825-01-22","21:40:43","QWM","granularity","cleaned gunned amuser Azores receivers dishwasher recognizably bloodstain idles programming baseband",
"initializers",21221,6898637373,37,"1887-08-03","13:22:28","RUF","tinniness","external Switzer bluebonnet aerodynamic vinegar Rocco lures shirting Bamako herald centrally aired clouds rags knead Antigone effectors",
"male",21222,3097987282,19,"1892-10-13","15:32:52","GBW","belittling","Hobart sunlight admiringly perspectives affluent assignees realizable broiling Cassite Medea Kruger establishes communally paranoia marshes straightened gobbled dubiously searcher diffusible analyzing hypothesis Ndjamena",
"uncertain",21223,5288384065,109,"1995-05-17","14:34:58","APG","babes","whines throw transmission Knowlton glowers fringed Gustavus",
"reiterating",21224,3363618643,191,"1808-03-22","18:20:20","TZB","battery","Sanford handcuffs dirtiest tutoring programming area storyteller thunderstorms propel Urania",
"rise",21225,9424334067,180,"1914-07-09","13:54:23","FNM","seduce","dubiously annoyingly sequels leaders Caligula manifolds stimulations quacked",
"bemoans",21226,5640954777,183,"1826-08-03","01:32:16","XHN","scandalous","pale politicking Aiken sickly reconstruct firepower railroaders bazaar",
"escapees",21227,1593586795,140,"1974-03-11","03:06:21","TAH","provisions","cuttlefish democracy Hernandez sputtered facsimiles tornado torch frosting artillery stepping auditory presumably investments refract legalizes",
"Mohammedanism",21228,1203399876,204,"1933-10-31","05:31:47","OZQ","contrasts","anthropomorphic seated surrounded rougher curvaceous",
"boob",21229,1529816579,109,"1834-09-12","00:46:42","POS","stabilized","railway quirk mollusk reimbursements aping rearrest subconsciously exclusively avoiding matches declines granulated milk frame awake penetrating Alexandria scallop artery hit",
"unfolds",21230,7062414744,56,"1905-11-07","04:06:23","PVQ","worthless","carnal adorns",
"bullion",21231,8995410049,64,"1861-01-18","03:01:06","DVJ","scotch","prancing Australianizes Madagascar panelist kindled",
"Franciscan",21232,8945899800,69,"1906-12-21","20:09:46","FMP","keeled","provable speeder entropy gaseous Toynbee islands interposing Armata drawing domesticated",
"Omaha",21233,7855101165,106,"1825-12-15","17:36:19","HOG","strippers","conclusions unrestricted aping hogs minuet keels chronological cinnamon dominant adduction navally shoveled borrowed Moiseyev confides rabbi stave Trobriand",
"proportionately",21234,6764884561,112,"1938-09-06","23:52:36","AMJ","whom","looker presiding sinfulness probated Harveys shrill rickshaws launder familiarness bridged Suzuki presumably drunker firers dockyard Sandusky Strom Christlike souring melodramas Loeb",
"eradicate",21235,5792412962,77,"1938-04-06","16:21:45","TQH","nonogenarian","removed intensive",
"switchboards",21236,7401077081,20,"1969-01-25","01:05:49","SBI","Araby","raiment contently comprehensible axiomatizes gout bursting logarithmically parameterizes Britten pie bed terrifying creativeness consulted despatch glossy far orgiastic paychecks reassigns defenestrating stubborn",
"brushfires",21237,3323788383,81,"1834-07-08","21:55:27","FBU","protuberant","sired telescoping warehouse resigning ornaments ashamedly spiritually minimize mildly remonstrative appraisals smolders intolerably power pouncing brimming reconfigure Beaumont invalidation",
"precursors",21238,6419524018,7,"1848-01-12","10:56:00","FOM","buttressing","let muddlehead",
"Bucky",21239,819845285,133,"1899-11-17","02:56:22","EMY","opening","felony impeach Leiden articles lag expunging misjudged stabling staffers McFarland abortions Lipscomb Cajun sensitivities besotted photography",
"denominate",21240,3361217905,73,"1967-05-13","11:10:28","JML","standpoints","sickly summoners rolling stouter founders threat",
"secretly",21241,4609111683,32,"1905-07-02","17:34:25","DOQ","smallest","Jewell exactitude prefaces cancels preferentially foods flabbergasted wreckers biannual colonists shareholders endeared decathlon Janesville examining",
"squeak",21242,1578848186,71,"1958-04-27","21:26:05","VBF","nursed","warmth reasonableness longitude hungriest test Eskimoized bigness",
"teachings",21243,3017563930,26,"1880-06-18","09:46:13","LCU","Boeotian","Homeric",
"Hellenizes",21244,890581882,233,"2006-04-16","16:29:14","ZGR","leases","transient rue Pamela perishers stack materials Barnabas nastier trolls oracles administration Prussianize",
"Knobeloch",21245,8224613511,64,"1867-06-12","21:31:45","EVC","Bucharest","toggle Thetis trails",
"beneficent",21246,8230202723,45,"1961-09-09","18:31:07","ZLK","assumptions","bridal home-brew bloater denies recreations Bancroft coo displaced appurtenance pal cranium deviate arable",
"bourgeoisie",21247,4677296680,115,"1852-02-18","06:55:15","IXY","question","Ionicize backers dispense backer exempts Eduard willows hiss gainer lagoons quantifiable ventricles brazes",
"deepened",21248,6764063044,60,"1830-06-16","17:13:45","KPD","fishing","decisions resurrection decomposes muddy tastefully indict tons Meiji progression scepter Enoch handsomeness commemorate swifter sanitary Chinese",
"expander",21249,6454978379,174,"1985-11-21","20:33:21","CUB","authors","calorimetric questionable attractions unscrupulous scratches coarseness",
"helicopter",21250,2944756330,21,"1951-05-30","10:42:23","NGB","beveled","subjective situ axial mammalian Quakerize suffice wisdom",
"jug",21251,3065405642,36,"1995-07-09","13:18:55","PDV","Hesse","alcoholic disbanded forestry misplaced wound producing sourdough angrier supranational automating bowdlerized speechlessness caucus referendum cue bridle Lorinda burned Liberia arraigns reclaims",
"coined",21252,6191965546,137,"1802-01-07","00:25:42","FLR","enrage","masturbate peeped perversion take Jamaica cherubs deformities Bertie transparency humblest illustrators hunks servicing",
"grin",21253,5865618163,168,"1969-11-28","21:09:28","XMS","referentially","Roxy sovereignty marquis allegrettos trash analyses Negro debauchery plated Sanderson eggshell convertibility overestimated consequentiality vilifying comprehending abaft Tiburon countess excepted results Whiteleaf nailed",
"erecting",21254,5795074291,43,"1879-03-14","05:54:07","FGM","eerie","pebble nourishment millennium count tuber fuzzier",
"Adair",21255,6579211715,143,"1801-01-19","06:37:16","KRE","hoarding","minded debit Hebrew arises bunnies Susie spyglass manipulable",
"pole",21256,8932989073,180,"1820-04-19","01:33:33","TIE","Bascom","noodle Lakehurst oppositely abortive analyses plants kneecap conception active bushwhacking unrestrictedly Pythagorean exclamations enlargements",
