"threekar","ntnnl","somebgnt","sumsmlnt","ancient","whn","bgtxt",
"IVW","Bernice",944228736,186,"1821-07-25","15:46:36","designers insider reuses ringingly",
"EAT","spook",4403586057,44,"1911-06-21","05:34:15","writs ""hypocrite approver declassify sinusoidal busted voltage"" wrangle replete viper indexed boosted Silkine abaft",
"QZH","fearfully",6246092906,22,"1967-12-31","14:05:45","assesses structure Capitan confuse pasts foggiest arrowed singularities",
"HDI","b'lazing",951645249,70,"1952-07-28","05:21:45","Albany biceps circuit accumulated expiring seacoasts dangled serviceable calorimetry sheepskin sourdough unexpected gadfly oscilloscopes carload degrading atomizing distaste Meg tinkering",
"UWS","businessmen",1662171965,113,"1899-11-27","15:06:57","Leeds lemonade tributes disconcerting patronized sureness ensnared deadly belonged prim mooning kneeled untagged sophomores curiosities infecting introductory Seoul evacuated analogue reserpine",
"AXO","debatable",1717738545,75,"2000-06-25","04:59:16","dealers shops baste cascadable sideboard Cheng dictatorship curls chalk Shafer regimentation lessen rashness",
"HWN","lanes",9339273869,115,"1938-06-29","04:12:41","attackers bluebonnets audition microscopy carve Xanthus affirming Trastevere chastised discourages pastness seen Masonic silkily tit coinage larks radish antithetical",
"CEF","shutout",4975578433,81,"1987-03-02","14:12:33","prowler congressional financiers termination balcony bestsellers accusations impenetrability",
"PKX","deadline",8554283850,177,"1992-04-17","19:51:46","arrays cutlass synchronously spouted composed Himmler seams heeled reimbursable Lancelot reorganizations dither Tasmania Richter secretive Tutankhamen scuffles novelty bludgeoned",
"NGK","depend",2541155532,8,"1891-02-08","18:32:36","Hines ripped construed quantities cerebral Zaire maximizer warm Hahn apprised mead storms Venusian Kenny smock examinations",
"YKC","seduction",1155722811,51,"1978-09-15","15:39:36","Baileys feelings Coddington fruitfully interwoven Helsinki Lahore dover unworthiness denied",
"KLJ","truncating",8014122956,207,"1881-08-18","17:37:50","bareness' delirious cramps organists breathing trees roundhouse than big exclusions ballets diner lagoon deserved Fourier dike Southey conspire initializers",
"DPE","crumble",6306835068,22,"1979-08-28","22:09:33","retinas coalescing pence randomize human brocaded spaced repeated governance preempt spinning radon floor inroads immodest spook contraptions rebelliously wrapper linguistic Kerouac bellman amplified",
"LYO","Paris",7197994712,138,"1802-01-20","05:56:34","behest unfamiliarity",
"ZRM","transcripts",9490182393,58,"1937-06-20","21:01:39","encipher dialed enforcer makers apical devises bullion",
"WGN","beading",5637499584,217,"1908-02-14","20:19:52","terrorists Dana predictably ripely indignity overcrowds unreasonable infection perplexity Puritanize unnecessarily decadently fanfold softness planted handshake autocorrelation deputy explicitly",
"GNP","penal",4002659737,63,"1877-04-15","10:16:15","billing adherers Zealand Islamizes confused France meantime coveting demands teething grounders entails hurlers McCann disparage artillerist",
"GSN","crossbars",5611185411,162,"1896-08-13","14:29:45","attune",
"PWF","reliance",3460853366,93,"1825-02-02","22:13:33","Eastman",
"EQW","renderings",2623959156,16,"1847-02-26","21:23:12","superhumanly healer Ottomanization",
"LNZ","bale",5639420572,12,"1824-05-30","11:52:00","Jovian slash attainments Paul rebroadcasts \nlose paleness changing Glynn begotten appender partners leap impenetrably inflow flick autosuggestibility flopping",
"PFZ","beatably",1618275853,23,"1977-06-11","15:53:19","hug subside agent beast Hellman Darwin cowardice wounded Ionian bushy",
"ZFC","parity",3092301243,150,"1906-09-18","20:34:58","powering redirecting never itemizations achieving bats Prussianizers microinstruction blackjack titles ethereal collaborates probation died downplaying domesticate phraseology flip eyewitnesses Bologna mentionable",
"LPZ","masturbates",9456656474,132,"1952-05-16","18:02:36","shouter murdered revolutionizer Emma key bitingly Sperry chapter squid inconsistency motioning dictated brandywine showroom bangle destroying strikers inflamed",
"WTY","Asiaticizations",6535012404,110,"1807-12-28","23:01:04","rafts Herr aerospace",
"MRD","relents",8666934389,195,"1999-02-09","04:01:43","Irvine teaches",
"XCL","contemplated",3437773209,167,"1924-07-21","15:19:02","cod Ortega bludgeon probing teen gazing warning credulousness military punctually inflame regiment contrition inclusively",
"NJV","meekly",4694922331,52,"1889-12-13","13:17:34","Babel sneakiness hope safekeeping crawlers Bugatti thirsts Lucifer fourfold powerlessness pondering igloo unicycle",
"DIK","splitting",7172230621,16,"1893-07-11","17:13:50","brayed citadels opponent appellant Vitus Mexicanizes condensation divers Rhea bamboo Fuji excitingly investment unloaded bitwise salt permuting",
"MGQ","aspires",514984475,241,"1869-03-11","19:26:12","hitherto grantor Patricia bath",
"ARW","probability",8880368886,118,"1949-11-11","20:58:25","Harpy Santo rotary watered rewinding campuses dependencies",
"YKT","Midwesterners",6408026831,221,"1861-11-27","02:51:26","member* charting wolf bevy routine unsuited breachers lighthearted jean Hugh microprocessors schematic vagary chandelier meantime Slavic postoperative",
"MFT","oscillation",196359648,138,"1876-04-13","10:01:29","varies",
"REC","uncovered",3736144602,168,"1835-09-25","00:50:19","sigh",
"ANW","Kenney",5068346173,192,"1829-02-16","12:05:40","loafed predefined bagged menacing Bolshevik environing",
"HXV","Hanley",210428000,236,"1939-02-15","12:21:11","Elroy divergences accompaniments Hester Marguerite crimes platelet forbears promoting Ottomanizations impressible Byers projections Podunk",
"QRG","singer",3334266073,86,"1865-05-21","07:53:59","brusquely threw FORTH roared initializations eightieth essences culturally mighty interruptive class disciplinary spore SPARC sidesaddle Mansfield",
"FRM","borrowers",8959220006,176,"1899-09-07","05:19:32","enforced encumber Roquemore Seagate accomplishes Ibn pores opened overlooks grandest another recomputes chewer keener airfields diction weighing Tulane unities Truckee",
"BYM","analogously",6381984051,109,"1875-09-18","12:39:51","recognizable Injun ejaculations revocation Minotaur",
"NZH","terminates",8503944524,157,"1941-11-15","06:57:20","Bianco officer corps",
"YSH","replicated",148898071,250,"1940-09-02","08:36:19","casserole canary sulphate brownish cotangent",
"PNV","gleeful",5627287263,246,"2008-03-24","05:03:15","choices blustery Shockley amalgams imminent",
"JGH","nation",680558223,174,"1966-06-06","11:27:05","ominous oriented trainer cleaver conceptualized gleaned besiegers Riggs restitution chintz Airbus sonny miniaturization Sharon sufficient Hewitt slants fish quarts icing stamper",
"RPX","modalities",4197283815,75,"1935-02-27","07:36:25","Eben drapes cowherd govern invalidated retarder editorials milkmaid pruning palladium hunches Pteranodon yeast atheistic Raul electrocutions hierarchal Melissa recreational scantily Ireland Catholicism hamlets",
"DRT","prolegomena",6003174378,196,"1869-02-14","00:12:45","ties erroneous administrations interruption",
"HBF","Wendy",9255756613,117,"1871-09-07","18:10:04","or ladle clerking",
"LVY","pertains",1340466862,64,"1905-04-30","11:34:27","measurable bullfrog Indians style recollected ferocious eyeglasses",
"GJM","modalities",3283872234,173,"1985-01-01","02:56:16","unattended alphabetic coursed appoints consumptions Montaigne propelled undergoes lance groundwork",
"RYV","consisting",5837698284,98,"1859-11-15","00:12:25","Jansenist tomahawks cones statutoriness Alsatians behaviorally edged witches springers incapacitate panel feedings jobs",
"MBV","bumbling",1870369594,145,"1881-03-26","00:54:59","curtain Dominique flap impute commonplace freeway cicada saner",
"JGO","overstatement",550388969,201,"1920-11-22","03:04:37","phone authenticator motherer penumbra hierarchies stamps homemakers diluted breakwaters Carlsbad",
"ZWS","torturers",4353550840,21,"1934-12-05","14:53:31","McAdam includes preallocated",
"FKN","sweetened",9153486916,74,"1963-08-13","02:10:13","rapidity dangling ambitions",
"GFN","recoiling",1711060162,10,"1972-09-22","14:06:41","slowness configure"," prefixed spacers giving record nodal collarbone Alps reinforce translation sprinkled Abram mutinies pebbles cookies hierarchal asbestos jumpy"
"EUF","falcon",2218262717,113,"1955-07-07","11:44:34","anchoritism",
"HJQ","reversing",3736266142,250,"1813-12-20","08:19:11","freeness events \ngeologist blight scraped infringements murmurs demanding despite",
"OAX","manipulating",803936900,163,"1865-04-21","04:06:59","bloodied Bordeaux tacking protector bequeath acrobat",
"UIK","Winsett",9780149621,58,"1806-07-21","23:39:28","Brian discriminated fog auscultating imprisonments inaugurated Vancouver postscript Hellenization obviousness progressions owner invalidities doughnut raves liable equating Ashmolean",
"QCI","assassinate",2579739179,139,"1882-11-13","05:43:16","bodybuilders jest poison Carolinians buckskins cassock hells dusky Bucky Shannon abandoned Allentown unimplemented Pearson",
"XHB","bleeds",8102268294,185,"1837-11-12","12:41:07","stalk faun",
"TIA","inevitability",6036461133,144,"1996-10-18","05:08:34","dispassionate Madames gagging wizards esthetics interfering agonized coolie",
"EUN","dished",8312595746,1,"1880-10-31","07:47:49","bookmark ideologically triple toggles accuses Durrell Iberian standpoints chewers",
"SWK","payers",3046803277,56,"1860-07-03","14:14:44","assign",
"RJH","intractability",6906445458,208,"1899-11-26","19:10:15","creased Niagara invisible impersonally hooking Laguerre sneezing till capillary squarer ravine plenipotentiary Sikkim nanoprogram sectioning neuter quantize funders anatomic",
"OIF","aggressive",5126737948,68,"1832-07-10","01:07:02","lightnings Southey picky shipper answerers clawed",
"QKC","Greenbriar",1487766662,55,"1992-05-20","02:40:30","thugs abraded sorts hummingbird recite Guam dissolutions dresser bimonthlies publicizes",
"XJW","Francis",5133319734,45,"1825-01-12","23:39:51","balances",
"UFA","snag",6980121269,105,"1820-01-01","09:01:08","broach frames indigenously curbing dint astronomer accounting Brent imaginatively",
"ISP","configurations",139349088,230,"1926-09-26","02:44:16","therein Greenbriar spheres palmer greenest sides staffed amperage farmland performed Justine darkroom figs escalate economics operable fur subordination churning pundit pleases simmered",
"JBM","Vermont",460020054,91,"1806-04-28","12:24:31","unhappiest madman",
"OVY","penchant",1293242409,50,"1936-11-04","01:05:28","quadrature thirst beveling ayes yanked gymnastic daylight goof Daphne vein",
"MXS","stricter",9429205169,5,"2003-10-05","13:30:36","simmering contriving threatened shrewdness alas batten careless",
"PKO","takings",2641550203,82,"1920-09-05","11:30:58","cusp bathrobes lenient tolls perpetration adversaries staring Rothschild",
"QPB","Penh",3593155501,65,"1921-07-01","23:52:45","harmonics spectrographic Michele inflating tailors televises cheered inconspicuous",
"RSX","televisors",2068208934,128,"1923-02-23","01:14:21","molest creams phrased biological monastic bile Kenneth conjure Maguire Noll bodyweight survivor censuses pelting parch induces antagonizes hyperbola Vandenberg modulates",
"GTA","airfields",8399921009,165,"1809-02-15","19:03:21","sociably meander Minneapolis Jungian maim captives impunity heroic moisten discovers widens electrocardiogram secondaries acclimate up inverter leaves roundhouse untranslated tumor Texans gymnasiums",
"UIE","brigadiers",156563478,106,"1812-08-25","15:58:52","Frisia beach cheapens Huntley systematizes pseudo exponentiated approachability cohabitations disaffected healthful congratulation expunges deteriorates",
"PWB","lampoon",1251468997,245,"1884-10-04","18:31:21","grotesque merger prosodics subfield suggestive juror tend decomposed cutlass belonging waste swaps improve dictation outstripping Hettie aniseikonic mailboxes protestant invading Fredericton",
"HSB","oceans",4617190028,163,"1833-03-13","06:38:47","henceforth Winooski Decatur numerous cementing epidemic showroom justification configurable griddle all purposed embarks banshee fences",
"UCG","allocations",3156426533,210,"1972-03-18","16:21:10","friendships tints delinquent Delilah initiation fibrosities with Esmark perisher madam seventy Helmut Prague suits smearing accolades ride",
"DVZ","has",4597974434,32,"1994-01-04","14:53:25","games dialogues chemical Europeanizes Aeneas sun comments envies shoes",
"OHT","engross",7695120234,44,"1821-01-13","19:47:07","cultivation seersucker memorial Kannada buffalo Ethiopians Erlenmeyer exaggerating bespeak vectorizing proportion adumbration treble Galatia sink targets departmental Emmanuel preallocate eddy",
"RKY","drafter",8049793946,27,"1937-07-15","22:14:17","rustlers appreciating lovelorn quacks Assam entrances moist disciplinary Sukarno truants lass tapers",
"ZNO","grandeur",179951432,86,"1936-01-27","08:21:07","Andersen agglutination Granville Maya Hadamard ding bibliophile nesting acquitted adjudge psalm resuscitate chink calmed DEC grammars Edgerton bemoaned Andrew militia mathematicians",
"XBS","perfected",8682274860,105,"1988-02-27","07:18:03","Malagasy preproduction Anne appalling hardworking shadowed raccoon geographer adages",
"ASI","insufferable",8484145736,145,"1990-01-12","09:13:50","Africanize wandered violence dyes boll Michelangelo reinventing pillory optional showroom crossly stringy Heliopolis Interpol lifetime chaperon reprogramming Slovakia baking develops credited bulldog cytology",
"FBA","suffers",3819764913,48,"1921-04-20","14:07:50","disbursement script",
"IWA","sees",2587923412,153,"1948-11-20","07:14:34","die unable puzzlers Americanize serially immature goatees downplayed transatlantic orb coworker couches populates intolerable",
"TLG","wound",3183627161,185,"1923-02-20","08:30:32","pathway bedposts Brookmont needy Ramona tractor bureaucratic truncate similarly trusts dereference",
"PEX","predetermines",5437623823,6,"1909-07-28","09:42:14","expensive",
"SOL","reorganize",4334711424,138,"1822-03-10","06:55:14","bash adversaries forget redundant Guthrie abrasive sweepers Bobbsey burntness hyperbolic December pits allegiance unaffectedness envisage",
"ASD","slop",3528392287,228,"1946-01-12","10:32:23","transporters din gambling Vergil panics threatening entreated ruffians formant iota",
"CGS","resent",1536517214,114,"1831-01-16","00:12:44","challenge dissension potentials elevator Bridgewater rearrangeable saturate handsome oversee pineapple beechen balks questers racial",
"ZFL","quoth",9190180684,114,"1822-09-04","16:17:30","biters calorie demonstrations",
"ECJ","contestable",3760511027,82,"1986-09-12","17:32:39","grownup centralist grooved barbarity ascription skipper cholera waiting",
"RFM","thusly",2002047255,27,"1941-04-30","09:22:53","groaned sylvan Cretaceously elves abrasion engines",
"XMW","reused",1723571508,151,"1992-06-22","14:09:08","sufferance William",
"YGC","Freya",9123988873,121,"1889-04-22","02:18:16","solvable",
"WOD","rum",5863458247,1,"1982-12-18","07:14:53","Eldon gallantly Greenblatt Ku signally preach Aprils seethe manger offspring designates withdrawn ridicules orifices flagpole motorized permutations roped radiation patent aesthetically combinator Jessy",
"FOR","alkaloids",3566787448,121,"1839-04-11","18:40:42","Andalusians Del",
"NWY","Rudyard",7999678110,45,"1916-06-07","15:38:41","brew Styrofoam",
"XHF","indestructible",4505467585,123,"1936-08-18","03:18:05","insofar",
"WZM","affixed",8047351756,181,"1854-12-05","20:28:26","boatyards",
"TNS","Copernican",4492014257,27,"1962-07-28","13:40:07","wonders arrangers indirectly flaunts chest divisible muse familiarly Bertha sultans John popularizing debts Selena sprang plaster",
"RNB","OShea",1730933221,39,"1813-03-08","18:13:03","leans afflict subway plentiful radiant ensembles clenched wearier gritty almoner Yorker dissolving deception snowman shrewd",
"NKQ","confounds",606321590,115,"1979-07-30","21:57:35","catastrophes",
"XCT","seduced",251646592,175,"1968-10-04","14:12:56","immunization advert expelled stairwell obviations elegance spoolers auction wile propound bereavements agnostics Hessians betting pencil Speakerphones ambidextrously mosaic plain Chablis Welches mouth",
"VNK","indiscreet",661245102,76,"1969-02-21","12:11:13","occasional anthracite Goodrich gastrointestinal relaxing tithing storming Ethiopia Atchison jostle Coleman sniffing inevitability theoreticians scold Frankel consigning sanitation minds categorizer populated crib irritant",
"JEX","teenage",2052022192,240,"1872-12-21","00:37:35","disappointing meriting Englishize Summers behaved breathtaking assassin beatific lily chaotic military newscast mercenaries unwieldiness blouses nasal pecuniary",
"LRK","shivered",1218327942,79,"1942-09-08","01:00:57","trucker exhaustively scraper consensus turbans renewal patter somewhere annunciate boldest jewelry illustrator muted disowning trilateral spit fit transposing Braniff frustrate stove woofed sleigh barbells",
"OMB","armaments",8723615505,115,"1999-07-17","20:21:33","aloof analyzers rejected appropriateness",
"PUN","am",5296628284,49,"1850-09-07","01:44:37","pitiful",
"KYW","underwrites",2541832733,230,"1941-10-05","23:46:56","expiration elliptic Nipponizes Multics collaborators portrays decrypts bolstering dreamt filename",
"NEQ","ramp",5480507881,253,"1882-10-17","16:22:51","Aurelius horseback halted Lear sheriff expanse horsefly incestuous lifelessness fogy reverified nonsense ubiquitous rudiments grocer molehill temperance squawked lacking vegetation baldness",
"ESW","splintery",737821463,207,"1838-03-20","16:45:00","tunics monoprogramming physicists philanthropy worries entree Potsdam replicates breastwork prolongate origination Edgar Farber Latinity linking landings",
"ODG","institutionalize",5123262925,197,"1816-10-29","05:39:50","Pickman ensnaring pointed thundering Wang educationally slices veil nominated alone polarities hones stoppable contrapositive Grecian rots recitals overlooks dissociate fist pain",
"UIW","Stewart",2660941786,121,"1915-01-08","18:23:47","legislate irate Rafferty projectile module reinterpreted",
"MUO","sequentializes",5754663029,34,"1897-03-17","04:07:11","defies",
"KEW","Spacewar",1633302921,121,"1921-11-12","21:40:23","engross",
"ORC","portals",4079165923,29,"1813-02-13","16:39:33","minting conforming sense hereditary shies bottle puma affront Rozelle Arabians",
"QWM","granularity",5026817292,60,"1825-01-22","21:40:43","cleaned gunned amuser Azores receivers dishwasher recognizably bloodstain idles programming baseband",
"RUF","tinniness",6898637373,37,"1887-08-03","13:22:28","external Switzer bluebonnet aerodynamic vinegar Rocco lures shirting Bamako herald centrally aired clouds rags knead Antigone effectors",
"GBW","belittling",3097987282,19,"1892-10-13","15:32:52","Hobart sunlight admiringly perspectives affluent assignees realizable broiling Cassite Medea Kruger establishes communally paranoia marshes straightened gobbled dubiously searcher diffusible analyzing hypothesis Ndjamena",
"APG","babes",5288384065,109,"1995-05-17","14:34:58","whines throw transmission Knowlton glowers fringed Gustavus",
"TZB","battery",3363618643,191,"1808-03-22","18:20:20","Sanford handcuffs dirtiest tutoring programming area storyteller thunderstorms propel Urania",
"FNM","seduce",9424334067,180,"1914-07-09","13:54:23","dubiously annoyingly sequels leaders Caligula manifolds stimulations quacked",
"XHN","scandalous",5640954777,183,"1826-08-03","01:32:16","pale politicking Aiken sickly reconstruct firepower railroaders bazaar",
"TAH","provisions",1593586795,140,"1974-03-11","03:06:21","cuttlefish democracy Hernandez sputtered facsimiles tornado torch frosting artillery stepping auditory presumably investments refract legalizes",
"OZQ","contrasts",1203399876,204,"1933-10-31","05:31:47","anthropomorphic seated surrounded rougher curvaceous",
"POS","stabilized",1529816579,109,"1834-09-12","00:46:42","railway quirk mollusk reimbursements aping rearrest subconsciously exclusively avoiding matches declines granulated milk frame awake penetrating Alexandria scallop artery hit",
"PVQ","worthless",7062414744,56,"1905-11-07","04:06:23","carnal adorns",
"DVJ","scotch",8995410049,64,"1861-01-18","03:01:06","prancing Australianizes Madagascar panelist kindled",
"FMP","keeled",8945899800,69,"1906-12-21","20:09:46","provable speeder entropy gaseous Toynbee islands interposing Armata drawing domesticated",
"HOG","strippers",7855101165,106,"1825-12-15","17:36:19","conclusions unrestricted aping hogs minuet keels chronological cinnamon dominant adduction navally shoveled borrowed Moiseyev confides rabbi stave Trobriand",
"AMJ","whom",6764884561,112,"1938-09-06","23:52:36","looker presiding sinfulness probated Harveys shrill rickshaws launder familiarness bridged Suzuki presumably drunker firers dockyard Sandusky Strom Christlike souring melodramas Loeb",
"TQH","nonogenarian",5792412962,77,"1938-04-06","16:21:45","removed intensive",
"SBI","Araby",7401077081,20,"1969-01-25","01:05:49","raiment contently comprehensible axiomatizes gout bursting logarithmically parameterizes Britten pie bed terrifying creativeness consulted despatch glossy far orgiastic paychecks reassigns defenestrating stubborn",
"FBU","protuberant",3323788383,81,"1834-07-08","21:55:27","sired telescoping warehouse resigning ornaments ashamedly spiritually minimize mildly remonstrative appraisals smolders intolerably power pouncing brimming reconfigure Beaumont invalidation",
"FOM","buttressing",6419524018,7,"1848-01-12","10:56:00","let muddlehead",
"EMY","opening",819845285,133,"1899-11-17","02:56:22","felony impeach Leiden articles lag expunging misjudged stabling staffers McFarland abortions Lipscomb Cajun sensitivities besotted photography",
"JML","standpoints",3361217905,73,"1967-05-13","11:10:28","sickly summoners rolling stouter founders threat",
"DOQ","smallest",4609111683,32,"1905-07-02","17:34:25","Jewell exactitude prefaces cancels preferentially foods flabbergasted wreckers biannual colonists shareholders endeared decathlon Janesville examining",
"VBF","nursed",1578848186,71,"1958-04-27","21:26:05","warmth reasonableness longitude hungriest test Eskimoized bigness",
"LCU","Boeotian",3017563930,26,"1880-06-18","09:46:13","Homeric",
"ZGR","leases",890581882,233,"2006-04-16","16:29:14","transient rue Pamela perishers stack materials Barnabas nastier trolls oracles administration Prussianize",
"EVC","Bucharest",8224613511,64,"1867-06-12","21:31:45","toggle Thetis trails",
"ZLK","assumptions",8230202723,45,"1961-09-09","18:31:07","bridal home-brew bloater denies recreations Bancroft coo displaced appurtenance pal cranium deviate arable",
"IXY","question",4677296680,115,"1852-02-18","06:55:15","Ionicize backers dispense backer exempts Eduard willows hiss gainer lagoons quantifiable ventricles brazes",
"KPD","fishing",6764063044,60,"1830-06-16","17:13:45","decisions resurrection decomposes muddy tastefully indict tons Meiji progression scepter Enoch handsomeness commemorate swifter sanitary Chinese",
"CUB","authors",6454978379,174,"1985-11-21","20:33:21","calorimetric questionable attractions unscrupulous scratches coarseness",
"NGB","beveled",2944756330,21,"1951-05-30","10:42:23","subjective situ axial mammalian Quakerize suffice wisdom",
"PDV","Hesse",3065405642,36,"1995-07-09","13:18:55","alcoholic disbanded forestry misplaced wound producing sourdough angrier supranational automating bowdlerized speechlessness caucus referendum cue bridle Lorinda burned Liberia arraigns reclaims",
"FLR","enrage",6191965546,137,"1802-01-07","00:25:42","masturbate peeped perversion take Jamaica cherubs deformities Bertie transparency humblest illustrators hunks servicing",
"XMS","referentially",5865618163,168,"1969-11-28","21:09:28","Roxy sovereignty marquis allegrettos trash analyses Negro debauchery plated Sanderson eggshell convertibility overestimated consequentiality vilifying comprehending abaft Tiburon countess excepted results Whiteleaf nailed",
"FGM","eerie",5795074291,43,"1879-03-14","05:54:07","pebble nourishment millennium count tuber fuzzier",
"KRE","hoarding",6579211715,143,"1801-01-19","06:37:16","minded debit Hebrew arises bunnies Susie spyglass manipulable",
"TIE","Bascom",8932989073,180,"1820-04-19","01:33:33","noodle Lakehurst oppositely abortive analyses plants kneecap conception active bushwhacking unrestrictedly Pythagorean exclamations enlargements",
